variant,seed,test_year,group,features,sharpe_loss,net_pnl_loss,action_disagreement_pct,delta_position_changes,delta_flat_pct
Full IQN,42,2021,ZScore20,ZScore20,-0.5146550000000001,-0.12098769999999999,24.203187250996017,2.25,-0.31872509960159545
Full IQN,42,2021,SpreadReturn,SpreadReturn,0.056495,0.014979300000000001,35.199203187251,4.5,-0.6573705179282885
Full IQN,42,2021,RollStd20,RollStd20,-0.21663500000000005,-0.0476022,33.56573705179282,8.95,-1.0557768924302802
Full IQN,42,2021,DeltaBeta5d,DeltaBeta5d,-0.24379000000000003,-0.06737715000000001,41.87250996015936,-2.4,-0.17928286852589795
Full IQN,42,2021,VolS_roll20,VolS_roll20,0.05270499999999993,0.00563549999999999,24.32270916334661,-2.0,2.4501992031872497
Full IQN,42,2021,VolSM_roll20,VolSM_roll20,0.08757499999999996,0.025027700000000007,30.776892430278885,7.3,3.4262948207171307
Full IQN,42,2021,RegimeEGScore,RegimeEGScore,-0.058214999999999996,-0.014221399999999959,2.1115537848605577,0.15,0.1195219123505968
Full IQN,42,2021,RegimeHLScore,RegimeHLScore,0.26895499999999994,0.06077459999999998,15.199203187250996,6.1,0.876494023904381
Full IQN,42,2021,RegimeCVScore,RegimeCVScore,-0.12880500000000003,-0.030001999999999984,30.1195219123506,-2.25,-0.6175298804780897
Full IQN,42,2021,EG + Half-life,RegimeEGScore + RegimeHLScore,0.22508499999999998,0.05099335000000001,14.302788844621514,4.45,0.5378486055776874
Full IQN,42,2021,All Regime,RegimeEGScore + RegimeHLScore + RegimeCVScore,0.358915,0.08517584999999998,33.545816733067724,-9.55,-1.2749003984063767
Full IQN,42,2021,All Base,ZScore20 + SpreadReturn + RollStd20 + DeltaBeta5d + VolS_roll20 + VolSM_roll20,0.03854999999999997,0.014243199999999987,54.28286852589641,-8.8,-0.956175298804783
Full IQN,42,2022,ZScore20,ZScore20,0.179035,0.049600750000000006,19.5,-2.8,-1.3999999999999997
Full IQN,42,2022,SpreadReturn,SpreadReturn,0.566145,0.1540754,42.2,1.75,-1.3599999999999997
Full IQN,42,2022,RollStd20,RollStd20,0.05375999999999999,0.015286150000000002,21.32,3.15,-0.35999999999999943
Full IQN,42,2022,DeltaBeta5d,DeltaBeta5d,-0.878605,-0.23352904999999996,25.82,1.0,-0.9599999999999994
Full IQN,42,2022,VolS_roll20,VolS_roll20,0.9100949999999999,0.2455405,26.419999999999998,-7.85,-1.1599999999999997
Full IQN,42,2022,VolSM_roll20,VolSM_roll20,-0.11606000000000001,-0.03027614999999998,18.66,2.95,-0.039999999999999494
Full IQN,42,2022,RegimeEGScore,RegimeEGScore,0.09523499999999997,0.02488395000000003,3.94,2.85,-0.21999999999999967
Full IQN,42,2022,RegimeHLScore,RegimeHLScore,-0.15508000000000002,-0.04058619999999997,10.72,6.5,4.0245584642661925e-16
Full IQN,42,2022,RegimeCVScore,RegimeCVScore,-0.153985,-0.03979269999999998,19.0,-1.6,-1.3799999999999994
Full IQN,42,2022,EG + Half-life,RegimeEGScore + RegimeHLScore,0.059889999999999964,0.015686050000000035,8.42,5.75,0.2600000000000004
Full IQN,42,2022,All Regime,RegimeEGScore + RegimeHLScore + RegimeCVScore,0.26436499999999996,0.0703808,21.880000000000003,0.1,-0.8399999999999996
Full IQN,42,2022,All Base,ZScore20 + SpreadReturn + RollStd20 + DeltaBeta5d + VolS_roll20 + VolSM_roll20,-0.144875,-0.03800394999999999,49.18,2.9,-0.29999999999999954
Full IQN,42,2023,ZScore20,ZScore20,-0.019530000000000013,-0.0014523000000000146,29.477911646586346,4.25,-1.546184738955821
Full IQN,42,2023,SpreadReturn,SpreadReturn,-0.013725000000000025,-0.004566200000000004,33.15261044176707,-1.3,0.26104417670683083
Full IQN,42,2023,RollStd20,RollStd20,-0.502005,-0.06673090000000002,27.550200803212853,7.3,-4.277108433734936
Full IQN,42,2023,DeltaBeta5d,DeltaBeta5d,0.217045,0.027574849999999977,22.068273092369477,-0.45,0.06024096385542497
Full IQN,42,2023,VolS_roll20,VolS_roll20,0.281615,0.04444354999999999,36.06425702811245,2.0,-2.0080321285140537
Full IQN,42,2023,VolSM_roll20,VolSM_roll20,0.18671499999999996,0.028286949999999995,33.092369477911646,1.65,-0.7228915662650579
Full IQN,42,2023,RegimeEGScore,RegimeEGScore,-0.048560000000000034,0.0004895499999999841,29.87951807228916,1.5,-6.626506024096382
Full IQN,42,2023,RegimeHLScore,RegimeHLScore,0.08077999999999998,0.006800649999999991,17.289156626506024,-4.2,1.0441767068273127
Full IQN,42,2023,RegimeCVScore,RegimeCVScore,-0.66483,-0.09079779999999998,23.955823293172692,-0.2,4.056224899598396
Full IQN,42,2023,EG + Half-life,RegimeEGScore + RegimeHLScore,-0.384945,-0.05223150000000001,29.357429718875505,0.6,-2.4297188755020054
Full IQN,42,2023,All Regime,RegimeEGScore + RegimeHLScore + RegimeCVScore,-0.3532,-0.04486905,35.863453815261046,6.3,-2.289156626506021
Full IQN,42,2023,All Base,ZScore20 + SpreadReturn + RollStd20 + DeltaBeta5d + VolS_roll20 + VolSM_roll20,0.44553000000000004,0.0674604,53.895582329317264,7.1,-1.2449799196787124
Full IQN,42,2024,ZScore20,ZScore20,-0.11123999999999987,0.010168949999999979,38.545816733067724,4.45,-9.681274900398407
Full IQN,42,2024,SpreadReturn,SpreadReturn,-0.07025999999999993,0.013413999999999954,31.61354581673307,0.9,-9.561752988047811
Full IQN,42,2024,RollStd20,RollStd20,-0.6292449999999998,-0.05152955000000002,34.223107569721115,-0.05,-3.7450199203187267
Full IQN,42,2024,DeltaBeta5d,DeltaBeta5d,-0.4673449999999999,-0.03422090000000002,29.40239043824701,2.9,-4.760956175298808
Full IQN,42,2024,VolS_roll20,VolS_roll20,-1.4351049999999999,-0.139673,40.37848605577689,7.3,-5.239043824701199
Full IQN,42,2024,VolSM_roll20,VolSM_roll20,-0.7547649999999999,-0.07231705000000002,36.254980079681275,-1.2,-2.968127490039843
Full IQN,42,2024,RegimeEGScore,RegimeEGScore,0.5434600000000002,0.04276939999999992,14.860557768924304,-2.8,2.290836653386454
Full IQN,42,2024,RegimeHLScore,RegimeHLScore,0.4620750000000001,0.04906214999999993,14.04382470119522,3.0,-3.3266932270916363
Full IQN,42,2024,RegimeCVScore,RegimeCVScore,-0.19287999999999988,-0.01289645000000005,26.772908366533862,-4.1,-6.274900398406375
Full IQN,42,2024,EG + Half-life,RegimeEGScore + RegimeHLScore,0.6175500000000002,0.06097589999999994,16.314741035856574,-1.0,-2.6693227091633482
Full IQN,42,2024,All Regime,RegimeEGScore + RegimeHLScore + RegimeCVScore,-0.003804999999999903,0.0016894499999999598,29.58167330677291,-0.85,-5.1992031872509985
Full IQN,42,2024,All Base,ZScore20 + SpreadReturn + RollStd20 + DeltaBeta5d + VolS_roll20 + VolSM_roll20,-1.24768,-0.12122395000000001,53.36653386454183,-1.05,-2.5498007968127503
Full IQN,42,2025,ZScore20,ZScore20,-0.501885,-0.07071039999999998,17.78,2.95,0.08
Full IQN,42,2025,SpreadReturn,SpreadReturn,0.336345,0.04879275000000001,17.16,0.1,0.06000000000000001
Full IQN,42,2025,RollStd20,RollStd20,-0.711955,-0.09946044999999995,11.7,4.1,0.0
Full IQN,42,2025,DeltaBeta5d,DeltaBeta5d,-0.019774999999999997,-0.0019910999999999957,21.259999999999998,9.25,0.0
Full IQN,42,2025,VolS_roll20,VolS_roll20,-0.5865349999999999,-0.08129919999999995,25.0,10.15,0.2
Full IQN,42,2025,VolSM_roll20,VolSM_roll20,1.25859,0.1802356,31.919999999999998,7.1,0.06000000000000001
Full IQN,42,2025,RegimeEGScore,RegimeEGScore,-0.616235,-0.08620404999999999,15.5,3.25,0.0
Full IQN,42,2025,RegimeHLScore,RegimeHLScore,-0.660525,-0.09186774999999994,16.04,7.2,0.0
Full IQN,42,2025,RegimeCVScore,RegimeCVScore,0.11365499999999999,0.01718095,13.8,5.6,0.32
Full IQN,42,2025,EG + Half-life,RegimeEGScore + RegimeHLScore,-0.5335799999999999,-0.07496784999999997,17.919999999999998,8.1,0.0
Full IQN,42,2025,All Regime,RegimeEGScore + RegimeHLScore + RegimeCVScore,-0.39003,-0.05438419999999997,27.119999999999997,10.1,0.08
Full IQN,42,2025,All Base,ZScore20 + SpreadReturn + RollStd20 + DeltaBeta5d + VolS_roll20 + VolSM_roll20,1.4063050000000001,0.20154429999999998,46.02,12.2,0.06000000000000001
Full IQN,123,2021,ZScore20,ZScore20,0.82537,0.1980932,23.306772908366533,3.85,-0.15936254980079792
Full IQN,123,2021,SpreadReturn,SpreadReturn,0.12481999999999997,0.030009049999999975,31.852589641434264,7.6,-3.0079681274900416
Full IQN,123,2021,RollStd20,RollStd20,0.2608499999999999,0.06431214999999997,37.13147410358566,11.2,0.7768924302788823
Full IQN,123,2021,DeltaBeta5d,DeltaBeta5d,0.65501,0.15889499999999998,37.03187250996016,7.6,-3.944223107569723
Full IQN,123,2021,VolS_roll20,VolS_roll20,0.7204249999999999,0.17744155,23.54581673306773,0.6,-2.09163346613546
Full IQN,123,2021,VolSM_roll20,VolSM_roll20,0.4026199999999999,0.09992189999999998,24.46215139442231,-1.9,-3.5458167330677313
Full IQN,123,2021,RegimeEGScore,RegimeEGScore,-0.036250000000000025,-0.008593900000000026,2.549800796812749,0.8,0.05976095617529803
Full IQN,123,2021,RegimeHLScore,RegimeHLScore,0.01709499999999995,0.004884699999999975,12.808764940239044,4.75,-1.314741035856575
Full IQN,123,2021,RegimeCVScore,RegimeCVScore,0.27599499999999993,0.06811945,30.39840637450199,-3.8,-0.6374501992031889
Full IQN,123,2021,EG + Half-life,RegimeEGScore + RegimeHLScore,-0.045065000000000036,-0.010178200000000037,12.569721115537849,5.0,-0.7768924302788858
Full IQN,123,2021,All Regime,RegimeEGScore + RegimeHLScore + RegimeCVScore,0.3662849999999999,0.08959804999999998,35.85657370517929,1.15,-0.43824701195219307
Full IQN,123,2021,All Base,ZScore20 + SpreadReturn + RollStd20 + DeltaBeta5d + VolS_roll20 + VolSM_roll20,0.35677,0.07815354999999999,52.66932270916335,-0.7,-1.314741035856576
Full IQN,123,2022,ZScore20,ZScore20,0.14102499999999998,0.038742199999999984,25.619999999999997,6.35,2.3600000000000003
Full IQN,123,2022,SpreadReturn,SpreadReturn,-0.332275,-0.08320399999999999,43.08,2.85,2.78
Full IQN,123,2022,RollStd20,RollStd20,-0.037185000000000024,-0.00955955000000001,32.12,4.45,1.5400000000000005
Full IQN,123,2022,DeltaBeta5d,DeltaBeta5d,-0.269135,-0.0695805,26.919999999999998,0.1,2.48
Full IQN,123,2022,VolS_roll20,VolS_roll20,-0.154235,-0.03701805000000001,24.240000000000002,1.3,0.5200000000000002
Full IQN,123,2022,VolSM_roll20,VolSM_roll20,0.28314,0.0752773,24.94,0.95,0.3799999999999999
Full IQN,123,2022,RegimeEGScore,RegimeEGScore,0.006459999999999977,0.0014508500000000011,5.34,3.05,1.0800000000000005
Full IQN,123,2022,RegimeHLScore,RegimeHLScore,-0.108105,-0.02796859999999999,13.66,2.65,3.1399999999999997
Full IQN,123,2022,RegimeCVScore,RegimeCVScore,0.31589999999999996,0.07816324999999999,19.259999999999998,1.35,-0.06000000000000005
Full IQN,123,2022,EG + Half-life,RegimeEGScore + RegimeHLScore,-0.339865,-0.08733484999999999,11.24,3.8,2.4400000000000004
Full IQN,123,2022,All Regime,RegimeEGScore + RegimeHLScore + RegimeCVScore,0.48562500000000003,0.12452705,22.22,1.35,-0.2400000000000003
Full IQN,123,2022,All Base,ZScore20 + SpreadReturn + RollStd20 + DeltaBeta5d + VolS_roll20 + VolSM_roll20,0.683765,0.17709239999999998,54.879999999999995,5.65,0.7199999999999998
Full IQN,123,2023,ZScore20,ZScore20,-0.17412499999999992,-0.022549649999999997,20.82329317269076,-0.75,-1.566265060240964
Full IQN,123,2023,SpreadReturn,SpreadReturn,-0.38878499999999994,-0.0603607,24.216867469879517,-3.25,-0.7228915662650606
Full IQN,123,2023,RollStd20,RollStd20,-0.89606,-0.1408503,24.61847389558233,6.9,0.16064257028112433
Full IQN,123,2023,DeltaBeta5d,DeltaBeta5d,-0.6027149999999999,-0.09410125,14.97991967871486,-7.0,-1.244979919678715
Full IQN,123,2023,VolS_roll20,VolS_roll20,-0.5194249999999999,-0.07990820000000001,21.82730923694779,-5.85,-1.4859437751004019
Full IQN,123,2023,VolSM_roll20,VolSM_roll20,-0.4200499999999999,-0.06433105,21.847389558232933,-4.45,-0.3413654618473897
Full IQN,123,2023,RegimeEGScore,RegimeEGScore,-0.37580499999999994,-0.06077460000000001,17.570281124497992,0.0,0.7028112449799198
Full IQN,123,2023,RegimeHLScore,RegimeHLScore,-0.5786999999999999,-0.0904537,18.775100401606426,2.4,0.14056224899598388
Full IQN,123,2023,RegimeCVScore,RegimeCVScore,-0.3954399999999999,-0.059650099999999984,13.835341365461847,-4.1,-0.8232931726907632
Full IQN,123,2023,EG + Half-life,RegimeEGScore + RegimeHLScore,-0.61732,-0.10145230000000001,17.89156626506024,0.25,1.0240963855421685
Full IQN,123,2023,All Regime,RegimeEGScore + RegimeHLScore + RegimeCVScore,-0.9801699999999999,-0.1572322,20.220883534136547,-0.2,-0.32128514056224927
Full IQN,123,2023,All Base,ZScore20 + SpreadReturn + RollStd20 + DeltaBeta5d + VolS_roll20 + VolSM_roll20,-0.23915999999999996,-0.03487975000000001,31.746987951807228,4.35,0.18072289156626514
Full IQN,123,2024,ZScore20,ZScore20,0.927355,0.1286513,29.860557768924302,3.45,0.8964143426294825
Full IQN,123,2024,SpreadReturn,SpreadReturn,1.344275,0.18654235000000002,34.9203187250996,-0.95,0.39840637450199246
Full IQN,123,2024,RollStd20,RollStd20,0.20070000000000005,0.02714370000000003,28.98406374501992,-14.45,-0.4980079681274896
Full IQN,123,2024,DeltaBeta5d,DeltaBeta5d,1.413565,0.1976871,32.31075697211155,-2.15,-0.49800796812748943
Full IQN,123,2024,VolS_roll20,VolS_roll20,0.8761850000000001,0.12104060000000001,33.72509960159363,-9.25,-1.4143426294820711
Full IQN,123,2024,VolSM_roll20,VolSM_roll20,1.481035,0.2057953,44.62151394422311,-11.9,1.2151394422310762
Full IQN,123,2024,RegimeEGScore,RegimeEGScore,0.3599350000000001,0.049773899999999996,11.792828685258964,-7.75,-0.5577689243027881
Full IQN,123,2024,RegimeHLScore,RegimeHLScore,0.8378250000000002,0.11496284999999999,13.884462151394422,1.3,-0.95617529880478
Full IQN,123,2024,RegimeCVScore,RegimeCVScore,0.8581700000000001,0.11921765,30.517928286852587,4.0,1.7131474103585664
Full IQN,123,2024,EG + Half-life,RegimeEGScore + RegimeHLScore,-0.12583499999999986,-0.02198359999999995,11.513944223107568,-0.1,-2.051792828685258
Full IQN,123,2024,All Regime,RegimeEGScore + RegimeHLScore + RegimeCVScore,0.6777850000000001,0.0945836,32.50996015936255,3.0,1.733067729083666
Full IQN,123,2024,All Base,ZScore20 + SpreadReturn + RollStd20 + DeltaBeta5d + VolS_roll20 + VolSM_roll20,1.5006350000000002,0.20811069999999998,57.29083665338645,-0.95,2.2908366533864553
Full IQN,123,2025,ZScore20,ZScore20,-0.932935,-0.12316819999999999,31.52,-3.65,0.3000000000000015
Full IQN,123,2025,SpreadReturn,SpreadReturn,-0.6818150000000001,-0.0896423,29.880000000000003,-5.05,1.7200000000000013
Full IQN,123,2025,RollStd20,RollStd20,-0.59109,-0.07838355,26.22,-4.1,0.9400000000000015
Full IQN,123,2025,DeltaBeta5d,DeltaBeta5d,-0.09297999999999998,-0.011240250000000002,29.82,-5.7,1.6600000000000013
Full IQN,123,2025,VolS_roll20,VolS_roll20,-0.10979999999999998,-0.014257149999999996,37.8,-7.25,4.200000000000001
Full IQN,123,2025,VolSM_roll20,VolSM_roll20,0.8408300000000001,0.11026424999999998,41.04,-11.35,0.4800000000000016
Full IQN,123,2025,RegimeEGScore,RegimeEGScore,-0.476105,-0.0640976,22.62,-19.1,-4.459999999999999
Full IQN,123,2025,RegimeHLScore,RegimeHLScore,0.015894999999999992,0.002643999999999996,27.660000000000004,-16.25,-6.299999999999999
Full IQN,123,2025,RegimeCVScore,RegimeCVScore,-0.74865,-0.10043315,19.380000000000003,-6.6,-2.379999999999998
Full IQN,123,2025,EG + Half-life,RegimeEGScore + RegimeHLScore,-0.448495,-0.05951144999999999,24.42,-5.3,-0.6799999999999986
Full IQN,123,2025,All Regime,RegimeEGScore + RegimeHLScore + RegimeCVScore,-0.5195299999999999,-0.0690952,31.3,-7.35,-1.2199999999999984
Full IQN,123,2025,All Base,ZScore20 + SpreadReturn + RollStd20 + DeltaBeta5d + VolS_roll20 + VolSM_roll20,0.42026,0.05563914999999999,56.94,-9.5,-0.8799999999999987
Full IQN,2024,2021,ZScore20,ZScore20,0.205,0.042831749999999946,22.41035856573705,12.2,-0.6175298804780901
Full IQN,2024,2021,SpreadReturn,SpreadReturn,-0.125875,-0.037093850000000025,31.633466135458168,0.4,-3.2669322709163366
Full IQN,2024,2021,RollStd20,RollStd20,0.06025500000000002,-0.004718650000000028,32.03187250996016,1.05,4.501992031872508
Full IQN,2024,2021,DeltaBeta5d,DeltaBeta5d,0.48715,0.09624549999999994,30.0,5.85,0.6972111553784842
Full IQN,2024,2021,VolS_roll20,VolS_roll20,0.26722999999999997,0.05922544999999996,27.39043824701195,-2.1,0.6772908366533841
Full IQN,2024,2021,VolSM_roll20,VolSM_roll20,0.40634,0.08537774999999993,21.573705179282868,2.65,3.1474103585657343
Full IQN,2024,2021,RegimeEGScore,RegimeEGScore,-0.12466499999999996,-0.029819000000000012,1.294820717131474,0.0,0.6175298804780862
Full IQN,2024,2021,RegimeHLScore,RegimeHLScore,-0.34296499999999996,-0.0763422,9.362549800796812,-1.9,-1.8127490039840661
Full IQN,2024,2021,RegimeCVScore,RegimeCVScore,0.21683500000000003,0.04475414999999996,32.15139442231076,10.3,4.9203187250996
Full IQN,2024,2021,EG + Half-life,RegimeEGScore + RegimeHLScore,-0.21159,-0.046808600000000006,9.163346613545816,-1.2,-1.673306772908369
Full IQN,2024,2021,All Regime,RegimeEGScore + RegimeHLScore + RegimeCVScore,-0.16565499999999997,-0.03915470000000002,32.27091633466135,8.1,0.2988047808764918
Full IQN,2024,2021,All Base,ZScore20 + SpreadReturn + RollStd20 + DeltaBeta5d + VolS_roll20 + VolSM_roll20,0.172045,0.007486899999999968,50.79681274900398,5.95,1.8525896414342604
Full IQN,2024,2022,ZScore20,ZScore20,-0.51646,-0.1403929,16.34,9.15,-0.4400000000000002
Full IQN,2024,2022,SpreadReturn,SpreadReturn,-0.11886000000000001,-0.03316425000000002,30.82,14.2,0.5799999999999997
Full IQN,2024,2022,RollStd20,RollStd20,-1.959635,-0.5277029499999999,26.1,10.8,0.29999999999999977
Full IQN,2024,2022,DeltaBeta5d,DeltaBeta5d,0.14354,0.03827894999999999,24.72,10.55,0.8399999999999999
Full IQN,2024,2022,VolS_roll20,VolS_roll20,-0.556055,-0.1511088,21.2,10.65,-0.7200000000000002
Full IQN,2024,2022,VolSM_roll20,VolSM_roll20,-0.553035,-0.15014355,22.6,9.2,-0.1000000000000002
Full IQN,2024,2022,RegimeEGScore,RegimeEGScore,-0.03824999999999998,-0.011000500000000007,7.3,2.7,0.6599999999999998
Full IQN,2024,2022,RegimeHLScore,RegimeHLScore,-0.19107000000000002,-0.051872000000000015,9.0,-0.1,-0.4000000000000002
Full IQN,2024,2022,RegimeCVScore,RegimeCVScore,-0.653355,-0.17756869999999997,16.6,6.8,-0.8000000000000002
Full IQN,2024,2022,EG + Half-life,RegimeEGScore + RegimeHLScore,-0.4654,-0.12658975,8.02,0.9,-0.64
Full IQN,2024,2022,All Regime,RegimeEGScore + RegimeHLScore + RegimeCVScore,-0.32161999999999996,-0.08741239999999999,19.119999999999997,8.65,-0.5800000000000002
Full IQN,2024,2022,All Base,ZScore20 + SpreadReturn + RollStd20 + DeltaBeta5d + VolS_roll20 + VolSM_roll20,-0.727095,-0.19458915,40.88,9.45,-0.8200000000000001
Full IQN,2024,2023,ZScore20,ZScore20,1.330735,0.19818799999999998,26.204819277108435,-5.45,-2.8112449799196795
Full IQN,2024,2023,SpreadReturn,SpreadReturn,0.8536100000000001,0.12610205,37.088353413654616,2.4,-0.40160642570281213
Full IQN,2024,2023,RollStd20,RollStd20,0.7791399999999999,0.11887869999999998,29.919678714859437,-6.1,-3.7349397590361457
Full IQN,2024,2023,DeltaBeta5d,DeltaBeta5d,1.279635,0.19107879999999997,25.742971887550205,-0.55,-0.22088353413654688
Full IQN,2024,2023,VolS_roll20,VolS_roll20,1.13109,0.16974949999999997,37.168674698795186,-0.15,-2.650602409638555
Full IQN,2024,2023,VolSM_roll20,VolSM_roll20,0.484535,0.07170009999999999,30.461847389558233,0.35,-1.8072289156626513
Full IQN,2024,2023,RegimeEGScore,RegimeEGScore,0.754545,0.1116826,32.85140562248996,-6.85,-2.550200803212852
Full IQN,2024,2023,RegimeHLScore,RegimeHLScore,0.15903499999999998,0.022607899999999993,22.389558232931726,-7.95,-2.83132530120482
Full IQN,2024,2023,RegimeCVScore,RegimeCVScore,-0.12249499999999999,-0.016519450000000005,15.863453815261044,4.1,2.971887550200803
Full IQN,2024,2023,EG + Half-life,RegimeEGScore + RegimeHLScore,0.009114999999999995,-0.0007013500000000005,30.28112449799197,-7.25,-3.212851405622491
Full IQN,2024,2023,All Regime,RegimeEGScore + RegimeHLScore + RegimeCVScore,0.01788999999999998,0.00033864999999999,32.911646586345384,-8.65,-5.080321285140563
Full IQN,2024,2023,All Base,ZScore20 + SpreadReturn + RollStd20 + DeltaBeta5d + VolS_roll20 + VolSM_roll20,1.172875,0.17907194999999998,60.48192771084338,-4.9,-4.096385542168676
Full IQN,2024,2024,ZScore20,ZScore20,-0.79872,-0.10366019999999998,27.96812749003984,3.65,-2.7689243027888453
Full IQN,2024,2024,SpreadReturn,SpreadReturn,-0.46624499999999997,-0.060922249999999976,31.31474103585657,-3.75,-1.9721115537848615
Full IQN,2024,2024,RollStd20,RollStd20,-0.642935,-0.08513549999999999,28.40637450199203,1.9,-2.3705179282868536
Full IQN,2024,2024,DeltaBeta5d,DeltaBeta5d,0.11201000000000003,0.01793125000000002,26.235059760956176,8.55,-3.7250996015936257
Full IQN,2024,2024,VolS_roll20,VolS_roll20,-0.47625,-0.05770964999999999,37.68924302788845,-3.7,-6.513944223107569
Full IQN,2024,2024,VolSM_roll20,VolSM_roll20,-0.6538700000000001,-0.08129304999999999,48.42629482071713,-5.1,-8.585657370517929
Full IQN,2024,2024,RegimeEGScore,RegimeEGScore,-0.1427,-0.023649549999999974,8.764940239043824,-2.1,1.5139442231075688
Full IQN,2024,2024,RegimeHLScore,RegimeHLScore,0.33624,0.04270794999999998,11.035856573705178,-3.05,-1.6932270916334666
Full IQN,2024,2024,RegimeCVScore,RegimeCVScore,-0.4558,-0.06026509999999996,20.318725099601593,-1.0,-1.972111553784861
Full IQN,2024,2024,EG + Half-life,RegimeEGScore + RegimeHLScore,0.269495,0.03335385,11.175298804780876,-0.45,-0.41832669322709287
Full IQN,2024,2024,All Regime,RegimeEGScore + RegimeHLScore + RegimeCVScore,-0.309685,-0.041432549999999985,23.107569721115535,3.75,-1.254980079681276
Full IQN,2024,2024,All Base,ZScore20 + SpreadReturn + RollStd20 + DeltaBeta5d + VolS_roll20 + VolSM_roll20,-0.92867,-0.1187411,58.92430278884463,0.75,-3.6254980079681274
Full IQN,2024,2025,ZScore20,ZScore20,0.003740000000000013,0.00012875000000002224,20.619999999999997,12.1,1.9199999999999995
Full IQN,2024,2025,SpreadReturn,SpreadReturn,0.5682699999999999,0.07947294999999999,21.84,15.15,-1.5000000000000004
Full IQN,2024,2025,RollStd20,RollStd20,-0.26559,-0.036176199999999985,13.76,4.5,0.35999999999999954
Full IQN,2024,2025,DeltaBeta5d,DeltaBeta5d,0.31255499999999997,0.04373055000000001,21.16,7.65,0.7199999999999994
Full IQN,2024,2025,VolS_roll20,VolS_roll20,0.43062999999999996,0.05959335000000001,36.12,9.65,1.1799999999999995
Full IQN,2024,2025,VolSM_roll20,VolSM_roll20,1.16111,0.1599072,35.519999999999996,18.25,2.0399999999999996
Full IQN,2024,2025,RegimeEGScore,RegimeEGScore,-0.7295849999999999,-0.10171804999999998,15.8,5.2,-0.1800000000000004
Full IQN,2024,2025,RegimeHLScore,RegimeHLScore,-0.926605,-0.12623354999999997,24.46,18.1,2.1599999999999993
Full IQN,2024,2025,RegimeCVScore,RegimeCVScore,0.668025,0.09297424999999998,14.34,5.4,-0.5800000000000004
Full IQN,2024,2025,EG + Half-life,RegimeEGScore + RegimeHLScore,-0.76161,-0.10636224999999996,29.9,12.9,-1.9400000000000006
Full IQN,2024,2025,All Regime,RegimeEGScore + RegimeHLScore + RegimeCVScore,-0.23528500000000002,-0.03296225,33.839999999999996,11.45,-0.8400000000000004
Full IQN,2024,2025,All Base,ZScore20 + SpreadReturn + RollStd20 + DeltaBeta5d + VolS_roll20 + VolSM_roll20,0.934585,0.13008045,45.22,12.3,0.03999999999999972
w/o Regime-in-Reward,42,2021,ZScore20,ZScore20,0.36717000000000005,0.08285674999999999,21.772908366533862,0.85,2.01195219123506
w/o Regime-in-Reward,42,2021,SpreadReturn,SpreadReturn,0.3485950000000001,0.06493874999999999,34.04382470119522,5.7,-0.577689243027888
w/o Regime-in-Reward,42,2021,RollStd20,RollStd20,-0.2472049999999999,-0.0812702,33.147410358565736,-0.1,1.474103585657371
w/o Regime-in-Reward,42,2021,DeltaBeta5d,DeltaBeta5d,-0.13963999999999993,-0.03477779999999999,33.864541832669325,-4.25,-0.3984063745019916
w/o Regime-in-Reward,42,2021,VolS_roll20,VolS_roll20,-0.35379499999999997,-0.11541744999999999,27.171314741035854,0.6,1.7928286852589643
w/o Regime-in-Reward,42,2021,VolSM_roll20,VolSM_roll20,0.37084500000000004,0.052605349999999974,28.42629482071713,-2.55,0.45816733067729143
w/o Regime-in-Reward,42,2021,RegimeEGScore,RegimeEGScore,-0.0023449999999999595,-0.0009278500000000148,1.1155378486055776,-0.25,0.019920318725099796
w/o Regime-in-Reward,42,2021,RegimeHLScore,RegimeHLScore,0.18815,0.02905539999999998,13.924302788844622,-2.9,0.7968127490039846
w/o Regime-in-Reward,42,2021,RegimeCVScore,RegimeCVScore,-0.2601799999999999,-0.1039589,27.231075697211157,3.05,1.5936254980079687
w/o Regime-in-Reward,42,2021,EG + Half-life,RegimeEGScore + RegimeHLScore,0.0909300000000001,0.005890750000000009,12.609561752988046,-0.25,0.8565737051792833
w/o Regime-in-Reward,42,2021,All Regime,RegimeEGScore + RegimeHLScore + RegimeCVScore,0.13569000000000006,0.005628900000000008,32.788844621513945,-0.3,2.2709163346613552
w/o Regime-in-Reward,42,2021,All Base,ZScore20 + SpreadReturn + RollStd20 + DeltaBeta5d + VolS_roll20 + VolSM_roll20,-1.1827999999999999,-0.29712255,54.62151394422311,0.4,3.087649402390439
w/o Regime-in-Reward,42,2022,ZScore20,ZScore20,-0.98543,-0.2667299,20.04,-4.2,0.5599999999999999
w/o Regime-in-Reward,42,2022,SpreadReturn,SpreadReturn,0.06058000000000006,0.016044399999999945,37.56,-7.65,0.9400000000000001
w/o Regime-in-Reward,42,2022,RollStd20,RollStd20,0.0971600000000001,0.024254799999999944,22.759999999999998,0.9,1.78
w/o Regime-in-Reward,42,2022,DeltaBeta5d,DeltaBeta5d,-0.69662,-0.18888100000000002,26.78,0.7,1.7
w/o Regime-in-Reward,42,2022,VolS_roll20,VolS_roll20,-1.1547049999999999,-0.31272245,31.560000000000002,-6.5,3.12
w/o Regime-in-Reward,42,2022,VolSM_roll20,VolSM_roll20,0.06882000000000008,0.01862289999999995,25.2,6.4,2.12
w/o Regime-in-Reward,42,2022,RegimeEGScore,RegimeEGScore,0.27001000000000003,0.07221714999999992,6.36,3.25,1.7400000000000002
w/o Regime-in-Reward,42,2022,RegimeHLScore,RegimeHLScore,-0.3366699999999999,-0.09238790000000002,11.879999999999999,3.4,1.04
w/o Regime-in-Reward,42,2022,RegimeCVScore,RegimeCVScore,-0.524955,-0.14306725,25.860000000000003,-2.85,2.52
w/o Regime-in-Reward,42,2022,EG + Half-life,RegimeEGScore + RegimeHLScore,-0.023619999999999954,-0.008005950000000053,11.72,6.9,1.6
w/o Regime-in-Reward,42,2022,All Regime,RegimeEGScore + RegimeHLScore + RegimeCVScore,-0.63974,-0.1740042,25.1,-4.0,1.98
w/o Regime-in-Reward,42,2022,All Base,ZScore20 + SpreadReturn + RollStd20 + DeltaBeta5d + VolS_roll20 + VolSM_roll20,-0.69323,-0.18983535,44.32,-7.05,2.1
w/o Regime-in-Reward,42,2023,ZScore20,ZScore20,-0.12888500000000006,-0.01890379999999997,25.34136546184739,1.2,-0.3614457831325295
w/o Regime-in-Reward,42,2023,SpreadReturn,SpreadReturn,0.47334,0.07319,25.682730923694777,-1.7,-2.5301204819277103
w/o Regime-in-Reward,42,2023,RollStd20,RollStd20,-0.37346000000000007,-0.05881064999999998,21.325301204819276,6.05,-1.0642570281124488
w/o Regime-in-Reward,42,2023,DeltaBeta5d,DeltaBeta5d,-0.32345500000000005,-0.0493125,20.32128514056225,-0.45,-0.6024096385542163
w/o Regime-in-Reward,42,2023,VolS_roll20,VolS_roll20,-0.2941600000000001,-0.043151099999999956,22.449799196787147,-2.3,-3.4939759036144573
w/o Regime-in-Reward,42,2023,VolSM_roll20,VolSM_roll20,-0.03400500000000008,0.00039720000000000656,22.08835341365462,-4.7,-3.0923694779116464
w/o Regime-in-Reward,42,2023,RegimeEGScore,RegimeEGScore,-0.08228500000000008,-0.009974749999999996,21.485943775100402,-0.05,-0.7831325301204812
w/o Regime-in-Reward,42,2023,RegimeHLScore,RegimeHLScore,0.2366049999999999,0.03173514999999999,17.951807228915662,3.8,-0.0200803212851401
w/o Regime-in-Reward,42,2023,RegimeCVScore,RegimeCVScore,-0.044300000000000096,-0.007222049999999985,18.072289156626507,-6.4,-1.4658634538152604
w/o Regime-in-Reward,42,2023,EG + Half-life,RegimeEGScore + RegimeHLScore,-0.975255,-0.15350604999999998,25.72289156626506,4.15,-0.18072289156626464
w/o Regime-in-Reward,42,2023,All Regime,RegimeEGScore + RegimeHLScore + RegimeCVScore,-1.0235800000000002,-0.16070764999999995,26.78714859437751,-1.35,-2.489959839357429
w/o Regime-in-Reward,42,2023,All Base,ZScore20 + SpreadReturn + RollStd20 + DeltaBeta5d + VolS_roll20 + VolSM_roll20,-0.830055,-0.13142435,45.622489959839356,1.55,-1.586345381526104
w/o Regime-in-Reward,42,2024,ZScore20,ZScore20,0.26074499999999995,0.03710394999999998,19.9601593625498,0.9,0.4980079681274899
w/o Regime-in-Reward,42,2024,SpreadReturn,SpreadReturn,-0.06119000000000002,-0.0098403,17.54980079681275,-0.7,-0.1593625498007969
w/o Regime-in-Reward,42,2024,RollStd20,RollStd20,-0.56601,-0.08309369999999996,21.533864541832667,14.35,3.286852589641434
w/o Regime-in-Reward,42,2024,DeltaBeta5d,DeltaBeta5d,-0.588775,-0.08668624999999999,15.796812749003985,1.2,-0.45816733067729104
w/o Regime-in-Reward,42,2024,VolS_roll20,VolS_roll20,-0.53851,-0.07899859999999999,19.203187250996017,-1.1,-0.9960159362549803
w/o Regime-in-Reward,42,2024,VolSM_roll20,VolSM_roll20,-0.390025,-0.05760404999999998,23.904382470119522,2.3,1.6533864541832668
w/o Regime-in-Reward,42,2024,RegimeEGScore,RegimeEGScore,0.2861699999999999,0.042485699999999946,6.01593625498008,-6.15,-0.0996015936254981
w/o Regime-in-Reward,42,2024,RegimeHLScore,RegimeHLScore,-0.23854999999999998,-0.035231799999999994,9.282868525896415,2.05,0.4980079681274899
w/o Regime-in-Reward,42,2024,RegimeCVScore,RegimeCVScore,0.11048499999999997,0.01585304999999998,17.908366533864545,1.85,1.6733067729083664
w/o Regime-in-Reward,42,2024,EG + Half-life,RegimeEGScore + RegimeHLScore,-0.34882,-0.051299549999999985,9.322709163346612,0.8,0.6175298804780873
w/o Regime-in-Reward,42,2024,All Regime,RegimeEGScore + RegimeHLScore + RegimeCVScore,-0.09620000000000004,-0.014319750000000015,21.593625498007967,1.15,1.8725099601593622
w/o Regime-in-Reward,42,2024,All Base,ZScore20 + SpreadReturn + RollStd20 + DeltaBeta5d + VolS_roll20 + VolSM_roll20,-1.00823,-0.1464744,37.41035856573705,4.4,2.151394422310757
w/o Regime-in-Reward,42,2025,ZScore20,ZScore20,0.91267,0.12500334999999996,29.7,9.6,0.5599999999999993
w/o Regime-in-Reward,42,2025,SpreadReturn,SpreadReturn,0.368625,0.05175169999999998,23.48,6.5,-0.06000000000000041
w/o Regime-in-Reward,42,2025,RollStd20,RollStd20,-0.195215,-0.0248173,14.76,3.85,0.2599999999999998
w/o Regime-in-Reward,42,2025,DeltaBeta5d,DeltaBeta5d,0.0046050000000000145,0.002373599999999969,30.140000000000004,5.0,-0.5800000000000004
w/o Regime-in-Reward,42,2025,VolS_roll20,VolS_roll20,0.80102,0.11018424999999996,35.36,0.2,1.28
w/o Regime-in-Reward,42,2025,VolSM_roll20,VolSM_roll20,1.176135,0.16148624999999997,40.6,8.35,-1.3400000000000007
w/o Regime-in-Reward,42,2025,RegimeEGScore,RegimeEGScore,0.8863899999999999,0.12156509999999998,24.66,5.15,1.1599999999999995
w/o Regime-in-Reward,42,2025,RegimeHLScore,RegimeHLScore,0.637875,0.08770594999999998,20.5,6.35,-0.8000000000000004
w/o Regime-in-Reward,42,2025,RegimeCVScore,RegimeCVScore,0.74061,0.10186539999999997,13.9,5.35,0.5999999999999999
w/o Regime-in-Reward,42,2025,EG + Half-life,RegimeEGScore + RegimeHLScore,0.588525,0.08136094999999999,27.02,16.55,2.5999999999999996
w/o Regime-in-Reward,42,2025,All Regime,RegimeEGScore + RegimeHLScore + RegimeCVScore,1.099915,0.15014779999999997,31.22,14.75,2.3199999999999994
w/o Regime-in-Reward,42,2025,All Base,ZScore20 + SpreadReturn + RollStd20 + DeltaBeta5d + VolS_roll20 + VolSM_roll20,1.272985,0.17163135,56.96,17.95,2.0999999999999996
w/o Regime-in-Reward,123,2021,ZScore20,ZScore20,-0.24555500000000005,-0.05122585,27.709163346613547,4.0,-1.3545816733067761
w/o Regime-in-Reward,123,2021,SpreadReturn,SpreadReturn,-0.253745,-0.05983845000000001,29.960159362549803,15.5,-0.7370517928286878
w/o Regime-in-Reward,123,2021,RollStd20,RollStd20,-0.519085,-0.12237495000000001,40.059760956175296,1.4,-0.03984063745020165
w/o Regime-in-Reward,123,2021,DeltaBeta5d,DeltaBeta5d,-0.14659000000000003,-0.03139470000000001,28.20717131474104,2.7,1.0159362549800772
w/o Regime-in-Reward,123,2021,VolS_roll20,VolS_roll20,-0.00758500000000005,-0.0036051000000000373,23.904382470119522,-3.6,0.8167330677290799
w/o Regime-in-Reward,123,2021,VolSM_roll20,VolSM_roll20,-0.027690000000000013,-0.0052586500000000235,25.219123505976096,6.6,4.203187250996011
w/o Regime-in-Reward,123,2021,RegimeEGScore,RegimeEGScore,0.1628299999999999,0.03796919999999993,1.7529880478087647,-0.55,-0.2788844621513945
w/o Regime-in-Reward,123,2021,RegimeHLScore,RegimeHLScore,0.009794999999999967,0.0036659499999999747,12.569721115537849,-2.6,-0.3386454183266968
w/o Regime-in-Reward,123,2021,RegimeCVScore,RegimeCVScore,0.15279499999999996,0.037435699999999975,27.31075697211155,-6.3,0.6374501992031851
w/o Regime-in-Reward,123,2021,EG + Half-life,RegimeEGScore + RegimeHLScore,-0.044265000000000054,-0.00810600000000003,12.549800796812749,-1.05,-0.6972111553784879
w/o Regime-in-Reward,123,2021,All Regime,RegimeEGScore + RegimeHLScore + RegimeCVScore,-0.07809000000000005,-0.016688500000000033,30.47808764940239,-2.45,0.6772908366533832
w/o Regime-in-Reward,123,2021,All Base,ZScore20 + SpreadReturn + RollStd20 + DeltaBeta5d + VolS_roll20 + VolSM_roll20,-0.6282150000000001,-0.15162035000000001,56.49402390438247,-0.85,-0.8764940239043852
w/o Regime-in-Reward,123,2022,ZScore20,ZScore20,-0.40089500000000006,-0.10837694999999996,21.380000000000003,-3.7,-1.12
w/o Regime-in-Reward,123,2022,SpreadReturn,SpreadReturn,0.72865,0.19091395,36.160000000000004,-5.4,0.25999999999999984
w/o Regime-in-Reward,123,2022,RollStd20,RollStd20,-0.867605,-0.23474095,35.44,3.9,2.16
w/o Regime-in-Reward,123,2022,DeltaBeta5d,DeltaBeta5d,-0.728315,-0.19705174999999994,25.939999999999998,0.5,0.4
w/o Regime-in-Reward,123,2022,VolS_roll20,VolS_roll20,-0.9225,-0.24898769999999998,24.14,-8.8,0.31999999999999995
w/o Regime-in-Reward,123,2022,VolSM_roll20,VolSM_roll20,-0.49332000000000004,-0.13296514999999995,25.240000000000002,-11.8,-2.6399999999999997
w/o Regime-in-Reward,123,2022,RegimeEGScore,RegimeEGScore,-0.06009500000000001,-0.016274699999999954,6.14,0.9,-4.9960036108132046e-17
w/o Regime-in-Reward,123,2022,RegimeHLScore,RegimeHLScore,0.13674,0.035700350000000027,12.64,-3.4,1.0
w/o Regime-in-Reward,123,2022,RegimeCVScore,RegimeCVScore,-1.390155,-0.37416815,23.0,-1.25,-0.2000000000000001
w/o Regime-in-Reward,123,2022,EG + Half-life,RegimeEGScore + RegimeHLScore,0.18608499999999997,0.04900290000000001,12.059999999999999,0.05,0.7599999999999999
w/o Regime-in-Reward,123,2022,All Regime,RegimeEGScore + RegimeHLScore + RegimeCVScore,-0.53217,-0.14484935,29.9,-7.1,0.07999999999999993
w/o Regime-in-Reward,123,2022,All Base,ZScore20 + SpreadReturn + RollStd20 + DeltaBeta5d + VolS_roll20 + VolSM_roll20,-0.68867,-0.18703539999999996,51.46,-2.85,0.8
w/o Regime-in-Reward,123,2023,ZScore20,ZScore20,0.37045500000000003,0.05832624999999999,22.7710843373494,1.7,1.5662650602409636
w/o Regime-in-Reward,123,2023,SpreadReturn,SpreadReturn,0.45904500000000004,0.07329559999999997,31.566265060240966,6.45,0.34136546184738925
w/o Regime-in-Reward,123,2023,RollStd20,RollStd20,0.30013,0.04518574999999998,30.100401606425702,2.75,3.5140562248995986
w/o Regime-in-Reward,123,2023,DeltaBeta5d,DeltaBeta5d,0.08625500000000004,0.013627199999999961,20.0,-6.2,1.0441767068273091
w/o Regime-in-Reward,123,2023,VolS_roll20,VolS_roll20,-0.12034499999999997,-0.020401900000000025,19.859437751004016,-1.0,-0.22088353413654643
w/o Regime-in-Reward,123,2023,VolSM_roll20,VolSM_roll20,0.17585,0.029254549999999956,22.369477911646587,-5.3,-1.1044176706827311
w/o Regime-in-Reward,123,2023,RegimeEGScore,RegimeEGScore,-0.14889999999999995,-0.024559900000000016,28.534136546184737,-3.25,-1.4859437751004019
w/o Regime-in-Reward,123,2023,RegimeHLScore,RegimeHLScore,-0.41981999999999997,-0.06894145,14.377510040160644,-5.75,-2.530120481927711
w/o Regime-in-Reward,123,2023,RegimeCVScore,RegimeCVScore,-0.48621,-0.08019230000000001,13.714859437751006,3.55,1.646586345381526
w/o Regime-in-Reward,123,2023,EG + Half-life,RegimeEGScore + RegimeHLScore,-0.08123999999999995,-0.014448550000000015,28.89558232931727,-3.95,0.36144578313252984
w/o Regime-in-Reward,123,2023,All Regime,RegimeEGScore + RegimeHLScore + RegimeCVScore,-0.193805,-0.03232650000000002,30.502008032128515,-0.45,0.8634538152610439
w/o Regime-in-Reward,123,2023,All Base,ZScore20 + SpreadReturn + RollStd20 + DeltaBeta5d + VolS_roll20 + VolSM_roll20,0.026660000000000027,0.002744399999999969,43.23293172690763,4.35,0.6827309236947788
w/o Regime-in-Reward,123,2024,ZScore20,ZScore20,2.412305,0.28845465,38.48605577689243,5.35,-2.4103585657370514
w/o Regime-in-Reward,123,2024,SpreadReturn,SpreadReturn,0.528715,0.05734865,30.537848605577686,-9.15,-1.4143426294820722
w/o Regime-in-Reward,123,2024,RollStd20,RollStd20,0.8523800000000001,0.09757215,31.533864541832667,1.35,-0.11952191235059662
w/o Regime-in-Reward,123,2024,DeltaBeta5d,DeltaBeta5d,0.81809,0.09086995,35.85657370517929,2.4,3.3266932270916336
w/o Regime-in-Reward,123,2024,VolS_roll20,VolS_roll20,1.4174950000000002,0.1645874,43.12749003984064,5.95,-1.0159362549800794
w/o Regime-in-Reward,123,2024,VolSM_roll20,VolSM_roll20,1.2447000000000001,0.14215099999999997,43.286852589641434,-7.15,-3.1673306772908365
w/o Regime-in-Reward,123,2024,RegimeEGScore,RegimeEGScore,0.919365,0.10745115000000001,14.282868525896415,-2.7,1.9920318725099613
w/o Regime-in-Reward,123,2024,RegimeHLScore,RegimeHLScore,0.8158700000000001,0.08940789999999998,15.119521912350598,-1.55,-1.1952191235059764
w/o Regime-in-Reward,123,2024,RegimeCVScore,RegimeCVScore,1.15036,0.13221734999999998,29.243027888446214,3.1,2.6892430278884465
w/o Regime-in-Reward,123,2024,EG + Half-life,RegimeEGScore + RegimeHLScore,0.8237300000000001,0.09459889999999999,14.40239043824701,-3.0,-0.019920318725100118
w/o Regime-in-Reward,123,2024,All Regime,RegimeEGScore + RegimeHLScore + RegimeCVScore,1.1690150000000001,0.133342,30.33864541832669,-1.8,0.01992031872509923
w/o Regime-in-Reward,123,2024,All Base,ZScore20 + SpreadReturn + RollStd20 + DeltaBeta5d + VolS_roll20 + VolSM_roll20,1.9704349999999997,0.23276815,61.035856573705175,-0.65,1.9123505976095623
w/o Regime-in-Reward,123,2025,ZScore20,ZScore20,0.1347,0.020236649999999988,25.240000000000002,7.05,2.1000000000000005
w/o Regime-in-Reward,123,2025,SpreadReturn,SpreadReturn,0.79265,0.1114274,24.759999999999998,2.55,0.9800000000000002
w/o Regime-in-Reward,123,2025,RollStd20,RollStd20,0.26676500000000003,0.0388805,17.58,-1.35,0.6599999999999999
w/o Regime-in-Reward,123,2025,DeltaBeta5d,DeltaBeta5d,-0.564105,-0.07700289999999999,22.14,5.9,0.06000000000000003
w/o Regime-in-Reward,123,2025,VolS_roll20,VolS_roll20,0.36519,0.051981449999999985,28.96,7.35,0.1400000000000002
w/o Regime-in-Reward,123,2025,VolSM_roll20,VolSM_roll20,0.68819,0.09732639999999998,35.36,0.85,0.08000000000000011
w/o Regime-in-Reward,123,2025,RegimeEGScore,RegimeEGScore,0.77718,0.10919079999999999,21.380000000000003,-7.95,-1.0
w/o Regime-in-Reward,123,2025,RegimeHLScore,RegimeHLScore,0.12410500000000002,0.01739084999999999,27.02,6.75,0.76
w/o Regime-in-Reward,123,2025,RegimeCVScore,RegimeCVScore,-0.14385999999999996,-0.016218050000000008,15.24,7.1,2.56
w/o Regime-in-Reward,123,2025,EG + Half-life,RegimeEGScore + RegimeHLScore,0.7574150000000001,0.10680345,21.740000000000002,6.4,-0.039999999999999855
w/o Regime-in-Reward,123,2025,All Regime,RegimeEGScore + RegimeHLScore + RegimeCVScore,0.42166000000000003,0.059758599999999995,29.78,8.9,0.6199999999999999
w/o Regime-in-Reward,123,2025,All Base,ZScore20 + SpreadReturn + RollStd20 + DeltaBeta5d + VolS_roll20 + VolSM_roll20,1.272635,0.17764159999999998,45.32,9.25,0.16000000000000014
w/o Regime-in-Reward,2024,2021,ZScore20,ZScore20,0.08228000000000005,0.018891500000000047,20.0,-0.85,3.0478087649402403
w/o Regime-in-Reward,2024,2021,SpreadReturn,SpreadReturn,-0.5396699999999999,-0.13593439999999993,33.366533864541836,-9.7,1.7729083665338656
w/o Regime-in-Reward,2024,2021,RollStd20,RollStd20,-0.60565,-0.1526918499999999,25.1195219123506,-1.2,4.960159362549803
w/o Regime-in-Reward,2024,2021,DeltaBeta5d,DeltaBeta5d,0.03601000000000008,-0.001025849999999952,34.7808764940239,-3.95,3.944223107569722
w/o Regime-in-Reward,2024,2021,VolS_roll20,VolS_roll20,-0.3480899999999999,-0.09175319999999992,20.199203187250994,-2.8,4.760956175298806
w/o Regime-in-Reward,2024,2021,VolSM_roll20,VolSM_roll20,-0.06413499999999993,-0.01852479999999995,21.095617529880478,-11.45,1.03585657370518
w/o Regime-in-Reward,2024,2021,RegimeEGScore,RegimeEGScore,-0.07037999999999991,-0.01851569999999991,0.7171314741035856,-0.5,0.23904382470119598
w/o Regime-in-Reward,2024,2021,RegimeHLScore,RegimeHLScore,0.05931500000000005,0.013336550000000039,8.366533864541832,-7.45,-0.7768924302788833
w/o Regime-in-Reward,2024,2021,RegimeCVScore,RegimeCVScore,0.09933000000000006,0.017116350000000044,32.31075697211155,-10.6,1.8924302788844636
w/o Regime-in-Reward,2024,2021,EG + Half-life,RegimeEGScore + RegimeHLScore,-0.030464999999999926,-0.007922749999999945,9.262948207171315,-8.2,-1.135458167330676
w/o Regime-in-Reward,2024,2021,All Regime,RegimeEGScore + RegimeHLScore + RegimeCVScore,0.09538000000000002,0.01653745000000003,34.7808764940239,-8.65,3.06772908366534
w/o Regime-in-Reward,2024,2021,All Base,ZScore20 + SpreadReturn + RollStd20 + DeltaBeta5d + VolS_roll20 + VolSM_roll20,-0.715575,-0.18430109999999994,49.52191235059761,-11.95,2.8884462151394437
w/o Regime-in-Reward,2024,2022,ZScore20,ZScore20,0.5982350000000001,0.15354195,27.419999999999998,0.15,-1.2800000000000007
w/o Regime-in-Reward,2024,2022,SpreadReturn,SpreadReturn,1.38001,0.34051345,41.540000000000006,5.35,-0.0600000000000009
w/o Regime-in-Reward,2024,2022,RollStd20,RollStd20,0.7597550000000001,0.19186389999999998,35.019999999999996,0.8,-1.5800000000000005
w/o Regime-in-Reward,2024,2022,DeltaBeta5d,DeltaBeta5d,1.13011,0.28438489999999994,29.68,-8.35,-2.4800000000000004
w/o Regime-in-Reward,2024,2022,VolS_roll20,VolS_roll20,0.818805,0.20650734999999995,34.12,-10.45,-2.4200000000000004
w/o Regime-in-Reward,2024,2022,VolSM_roll20,VolSM_roll20,0.10630500000000002,0.029568900000000016,27.840000000000003,-6.45,-4.82
w/o Regime-in-Reward,2024,2022,RegimeEGScore,RegimeEGScore,0.350435,0.08795449999999998,11.4,-4.55,-0.5000000000000011
w/o Regime-in-Reward,2024,2022,RegimeHLScore,RegimeHLScore,0.843875,0.21309744999999997,17.14,-9.75,-4.78
w/o Regime-in-Reward,2024,2022,RegimeCVScore,RegimeCVScore,0.75496,0.19018454999999998,24.4,-6.35,-3.6000000000000005
w/o Regime-in-Reward,2024,2022,EG + Half-life,RegimeEGScore + RegimeHLScore,0.85039,0.21530164999999996,12.0,-6.9,-2.660000000000001
w/o Regime-in-Reward,2024,2022,All Regime,RegimeEGScore + RegimeHLScore + RegimeCVScore,0.84435,0.21286794999999997,26.5,-4.75,-3.06
w/o Regime-in-Reward,2024,2022,All Base,ZScore20 + SpreadReturn + RollStd20 + DeltaBeta5d + VolS_roll20 + VolSM_roll20,0.98483,0.25153729999999996,58.879999999999995,-5.75,-3.96
w/o Regime-in-Reward,2024,2023,ZScore20,ZScore20,-0.11992499999999998,-0.01934555000000001,19.27710843373494,9.35,0.8634538152610436
w/o Regime-in-Reward,2024,2023,SpreadReturn,SpreadReturn,-0.13730000000000003,-0.021982000000000015,19.03614457831325,-3.25,-0.16064257028112489
w/o Regime-in-Reward,2024,2023,RollStd20,RollStd20,-0.676005,-0.10755215000000003,31.566265060240966,0.75,0.06024096385542106
w/o Regime-in-Reward,2024,2023,DeltaBeta5d,DeltaBeta5d,0.33129000000000003,0.05507834999999998,14.397590361445785,0.15,-0.40160642570281163
w/o Regime-in-Reward,2024,2023,VolS_roll20,VolS_roll20,-0.083535,-0.014758250000000018,19.75903614457831,11.1,2.2088353413654613
w/o Regime-in-Reward,2024,2023,VolSM_roll20,VolSM_roll20,0.27685,0.04665059999999997,19.718875502008032,-6.6,-2.2891566265060246
w/o Regime-in-Reward,2024,2023,RegimeEGScore,RegimeEGScore,-0.317745,-0.05077075000000002,24.196787148594375,6.35,1.5461847389558228
w/o Regime-in-Reward,2024,2023,RegimeHLScore,RegimeHLScore,0.5464249999999999,0.09078999999999997,18.072289156626503,-0.15,-0.983935742971888
w/o Regime-in-Reward,2024,2023,RegimeCVScore,RegimeCVScore,0.354995,0.05466249999999997,8.453815261044177,-4.25,-0.22088353413654666
w/o Regime-in-Reward,2024,2023,EG + Half-life,RegimeEGScore + RegimeHLScore,0.03212500000000003,0.005182249999999983,21.224899598393574,9.95,0.28112449799196737
w/o Regime-in-Reward,2024,2023,All Regime,RegimeEGScore + RegimeHLScore + RegimeCVScore,-0.44576000000000005,-0.07131870000000001,26.465863453815263,10.45,-0.10040160642570344
w/o Regime-in-Reward,2024,2023,All Base,ZScore20 + SpreadReturn + RollStd20 + DeltaBeta5d + VolS_roll20 + VolSM_roll20,-0.10208499999999998,-0.016438200000000007,49.17670682730923,12.3,0.22088353413654555
w/o Regime-in-Reward,2024,2024,ZScore20,ZScore20,0.08401999999999998,0.013545849999999948,24.860557768924302,3.2,-5.059760956175298
w/o Regime-in-Reward,2024,2024,SpreadReturn,SpreadReturn,-0.596855,-0.08552860000000002,23.44621513944223,0.9,-0.8565737051792819
w/o Regime-in-Reward,2024,2024,RollStd20,RollStd20,-0.88125,-0.1258459,29.741035856573706,10.35,1.992031872509962
w/o Regime-in-Reward,2024,2024,DeltaBeta5d,DeltaBeta5d,-0.47785,-0.06954430000000002,24.023904382470118,6.55,-2.2709163346613535
w/o Regime-in-Reward,2024,2024,VolS_roll20,VolS_roll20,-0.48908000000000007,-0.0695718,28.286852589641434,-1.85,-4.999999999999998
w/o Regime-in-Reward,2024,2024,VolSM_roll20,VolSM_roll20,-0.48630000000000007,-0.07021305000000001,42.191235059760956,0.1,-1.8127490039840624
w/o Regime-in-Reward,2024,2024,RegimeEGScore,RegimeEGScore,-0.13916500000000004,-0.023263550000000025,12.310756972111554,2.55,0.47808764940239196
w/o Regime-in-Reward,2024,2024,RegimeHLScore,RegimeHLScore,0.44681,0.06261754999999992,8.98406374501992,2.85,1.2549800796812767
w/o Regime-in-Reward,2024,2024,RegimeCVScore,RegimeCVScore,-0.28534000000000004,-0.04202755000000003,24.760956175298805,-0.75,-1.1354581673306758
w/o Regime-in-Reward,2024,2024,EG + Half-life,RegimeEGScore + RegimeHLScore,0.63269,0.08646609999999993,12.330677290836652,1.65,-0.39840637450199046
w/o Regime-in-Reward,2024,2024,All Regime,RegimeEGScore + RegimeHLScore + RegimeCVScore,-0.29285000000000005,-0.042350250000000006,24.28286852589641,3.85,-1.6932270916334649
w/o Regime-in-Reward,2024,2024,All Base,ZScore20 + SpreadReturn + RollStd20 + DeltaBeta5d + VolS_roll20 + VolSM_roll20,0.5073449999999999,0.06753319999999999,55.79681274900398,8.85,-0.7171314741035845
w/o Regime-in-Reward,2024,2025,ZScore20,ZScore20,0.34811999999999993,0.05246974999999997,19.419999999999998,3.9,0.86
w/o Regime-in-Reward,2024,2025,SpreadReturn,SpreadReturn,0.18639999999999995,0.027316599999999996,19.4,1.85,-0.06000000000000007
w/o Regime-in-Reward,2024,2025,RollStd20,RollStd20,0.3527449999999999,0.05034349999999997,13.620000000000001,1.8,0.5599999999999998
w/o Regime-in-Reward,2024,2025,DeltaBeta5d,DeltaBeta5d,0.930885,0.13334059999999998,18.18,2.5,1.22
w/o Regime-in-Reward,2024,2025,VolS_roll20,VolS_roll20,1.01244,0.14496515,22.259999999999998,3.8,1.92
w/o Regime-in-Reward,2024,2025,VolSM_roll20,VolSM_roll20,1.18342,0.16882429999999998,37.64,3.45,0.29999999999999993
w/o Regime-in-Reward,2024,2025,RegimeEGScore,RegimeEGScore,0.45238999999999996,0.06495169999999997,17.880000000000003,-0.5,-0.16000000000000003
w/o Regime-in-Reward,2024,2025,RegimeHLScore,RegimeHLScore,0.76736,0.10952384999999998,18.18,6.9,-4.718447854656915e-17
w/o Regime-in-Reward,2024,2025,RegimeCVScore,RegimeCVScore,0.7071449999999999,0.10198379999999996,15.7,1.1,0.43999999999999995
w/o Regime-in-Reward,2024,2025,EG + Half-life,RegimeEGScore + RegimeHLScore,0.8310850000000001,0.11989954999999997,16.759999999999998,6.5,1.8800000000000001
w/o Regime-in-Reward,2024,2025,All Regime,RegimeEGScore + RegimeHLScore + RegimeCVScore,0.68775,0.09966869999999999,24.3,4.5,1.14
w/o Regime-in-Reward,2024,2025,All Base,ZScore20 + SpreadReturn + RollStd20 + DeltaBeta5d + VolS_roll20 + VolSM_roll20,1.752365,0.2485487,44.72,5.4,1.02
