strategy,seed,CostMultiplier,LambdaCost,CumNetPnL,Sharpe,MaxDrawdown
Full IQN,7,0.0,0.0,-0.023242629302548418,-0.0255,-0.513545
Full IQN,7,0.25,0.000125,-0.112679453798387,-0.1237,-0.580881
Full IQN,7,0.5,0.00025,-0.20211627829422538,-0.2218,-0.648218
Full IQN,7,0.75,0.000375,-0.29155310279006397,-0.3197,-0.718243
Full IQN,7,1.0,0.0005,-0.38098992728590253,-0.4174,-0.789185
Full IQN,7,1.5,0.00075,-0.5598635762775794,-0.6122,-0.931069
Full IQN,7,2.0,0.001,-0.7387372252692566,-0.8057,-1.072954
Full IQN,42,0.0,0.0,-0.04597466648440897,-0.0494,-0.628668
Full IQN,42,0.25,0.000125,-0.13790465550361203,-0.1482,-0.646854
Full IQN,42,0.5,0.00025,-0.22983464452281507,-0.247,-0.665039
Full IQN,42,0.75,0.000375,-0.321764633542018,-0.3458,-0.716764
Full IQN,42,1.0,0.0005,-0.41369462256122114,-0.4445,-0.783928
Full IQN,42,1.5,0.00075,-0.5975546005996273,-0.6416,-0.918255
Full IQN,42,2.0,0.001,-0.7814145786380333,-0.8379,-1.052582
Full IQN,123,0.0,0.0,0.12177705199930214,0.1253,-0.611973
Full IQN,123,0.25,0.000125,0.02125840783762452,0.0219,-0.662985
Full IQN,123,0.5,0.00025,-0.07926023632405274,-0.0815,-0.713996
Full IQN,123,0.75,0.000375,-0.1797788804857302,-0.1846,-0.765008
Full IQN,123,1.0,0.0005,-0.2802975246474075,-0.2876,-0.816019
Full IQN,123,1.5,0.00075,-0.4813348129707625,-0.4927,-0.9336
Full IQN,123,2.0,0.001,-0.6823721012941174,-0.6965,-1.052163
Full IQN,999,0.0,0.0,-0.6276820510796096,-0.663,-0.844188
Full IQN,999,0.25,0.000125,-0.7173607757767221,-0.7573,-0.907489
Full IQN,999,0.5,0.00025,-0.8070395004738344,-0.8516,-0.970789
Full IQN,999,0.75,0.000375,-0.896718225170947,-0.9456,-1.034089
Full IQN,999,1.0,0.0005,-0.9863969498680594,-1.0394,-1.101015
Full IQN,999,1.5,0.00075,-1.1657543992622843,-1.2261,-1.245099
Full IQN,999,2.0,0.001,-1.3451118486565092,-1.4116,-1.389182
Full IQN,2024,0.0,0.0,-0.07264922156124479,-0.0764,-0.37966
Full IQN,2024,0.25,0.000125,-0.14835814308412326,-0.156,-0.394532
Full IQN,2024,0.5,0.00025,-0.22406706460700182,-0.2355,-0.417044
Full IQN,2024,0.75,0.000375,-0.2997759861298804,-0.3149,-0.472412
Full IQN,2024,1.0,0.0005,-0.37548490765275877,-0.3942,-0.535529
Full IQN,2024,1.5,0.00075,-0.526902750698516,-0.5525,-0.661764
Full IQN,2024,2.0,0.001,-0.678320593744273,-0.71,-0.788
No Explicit Regime IQN,42,0.0,0.0,0.3953036773594357,0.4155,-0.262094
No Explicit Regime IQN,42,0.25,0.000125,0.2888273279464867,0.3035,-0.290768
No Explicit Regime IQN,42,0.5,0.00025,0.1823509785335377,0.1915,-0.320596
No Explicit Regime IQN,42,0.75,0.000375,0.07587462912058848,0.0796,-0.350423
No Explicit Regime IQN,42,1.0,0.0005,-0.03060172029236044,-0.0321,-0.381903
No Explicit Regime IQN,42,1.5,0.00075,-0.24355441911825865,-0.2549,-0.447238
No Explicit Regime IQN,42,2.0,0.001,-0.45650711794415677,-0.4766,-0.537799
No Explicit Regime IQN,123,0.0,0.0,0.12111982004637481,0.1398,-0.662406
No Explicit Regime IQN,123,0.25,0.000125,0.011747314750169685,0.0136,-0.700431
No Explicit Regime IQN,123,0.5,0.00025,-0.09762519054603569,-0.1125,-0.738456
No Explicit Regime IQN,123,0.75,0.000375,-0.20699769584224104,-0.2384,-0.776482
No Explicit Regime IQN,123,1.0,0.0005,-0.3163702011384464,-0.364,-0.814507
No Explicit Regime IQN,123,1.5,0.00075,-0.5351152117308569,-0.6141,-0.890557
No Explicit Regime IQN,123,2.0,0.001,-0.7538602223232675,-0.8624,-0.966607
No Explicit Regime IQN,2024,0.0,0.0,-0.8576024173188327,-0.927,-0.935091
No Explicit Regime IQN,2024,0.25,0.000125,-0.9631055674717199,-1.0407,-1.026007
No Explicit Regime IQN,2024,0.5,0.00025,-1.0686087176246075,-1.1542,-1.128722
No Explicit Regime IQN,2024,0.75,0.000375,-1.1741118677774949,-1.2674,-1.231436
No Explicit Regime IQN,2024,1.0,0.0005,-1.2796150179303822,-1.3803,-1.334151
No Explicit Regime IQN,2024,1.5,0.00075,-1.4906213182361572,-1.6047,-1.53958
No Explicit Regime IQN,2024,2.0,0.001,-1.701627618541932,-1.827,-1.745009
Parameter-Matched Double DQN,7,0.0,0.0,0.08643893785741863,0.1013,-0.44759
Parameter-Matched Double DQN,7,0.25,0.000125,-0.011863044914603216,-0.0139,-0.495025
Parameter-Matched Double DQN,7,0.5,0.00025,-0.110165027686625,-0.1291,-0.542461
Parameter-Matched Double DQN,7,0.75,0.000375,-0.20846701045864674,-0.2441,-0.589896
Parameter-Matched Double DQN,7,1.0,0.0005,-0.3067689932306686,-0.359,-0.654938
Parameter-Matched Double DQN,7,1.5,0.00075,-0.5033729587747121,-0.5882,-0.802429
Parameter-Matched Double DQN,7,2.0,0.001,-0.6999769243187559,-0.8161,-0.962765
Parameter-Matched Double DQN,42,0.0,0.0,0.4969192873306234,0.5245,-0.280059
Parameter-Matched Double DQN,42,0.25,0.000125,0.412007274227165,0.4348,-0.292111
Parameter-Matched Double DQN,42,0.5,0.00025,0.32709526112370657,0.3451,-0.304163
Parameter-Matched Double DQN,42,0.75,0.000375,0.24218324802024807,0.2554,-0.316215
Parameter-Matched Double DQN,42,1.0,0.0005,0.15727123491678963,0.1657,-0.34195
Parameter-Matched Double DQN,42,1.5,0.00075,-0.012552791290127124,-0.0132,-0.421489
Parameter-Matched Double DQN,42,2.0,0.001,-0.18237681749704407,-0.1915,-0.501028
Parameter-Matched Double DQN,123,0.0,0.0,-0.06043389445988691,-0.0694,-0.493462
Parameter-Matched Double DQN,123,0.25,0.000125,-0.15785617869045354,-0.1813,-0.505741
Parameter-Matched Double DQN,123,0.5,0.00025,-0.25527846292102013,-0.293,-0.566866
Parameter-Matched Double DQN,123,0.75,0.000375,-0.3527007471515867,-0.4046,-0.642424
Parameter-Matched Double DQN,123,1.0,0.0005,-0.45012303138215326,-0.516,-0.724165
Parameter-Matched Double DQN,123,1.5,0.00075,-0.6449675998432864,-0.7381,-0.896754
Parameter-Matched Double DQN,123,2.0,0.001,-0.8398121683044197,-0.9587,-1.072099
Parameter-Matched Double DQN,999,0.0,0.0,-0.028381805163099946,-0.0334,-0.444193
Parameter-Matched Double DQN,999,0.25,0.000125,-0.1310123988581492,-0.154,-0.518882
Parameter-Matched Double DQN,999,0.5,0.00025,-0.23364299255319843,-0.2744,-0.593572
Parameter-Matched Double DQN,999,0.75,0.000375,-0.33627358624824766,-0.3947,-0.672451
Parameter-Matched Double DQN,999,1.0,0.0005,-0.4389041799432969,-0.5148,-0.756005
Parameter-Matched Double DQN,999,1.5,0.00075,-0.6441653673333955,-0.7539,-0.923112
Parameter-Matched Double DQN,999,2.0,0.001,-0.8494265547234938,-0.9914,-1.094478
Parameter-Matched Double DQN,2024,0.0,0.0,0.6199060078591853,0.8463,-0.214163
Parameter-Matched Double DQN,2024,0.25,0.000125,0.530358945523583,0.7239,-0.25041
Parameter-Matched Double DQN,2024,0.5,0.00025,0.440811883187981,0.6014,-0.286658
Parameter-Matched Double DQN,2024,0.75,0.000375,0.3512648208523788,0.479,-0.322905
Parameter-Matched Double DQN,2024,1.0,0.0005,0.2617177585167768,0.3566,-0.359153
Parameter-Matched Double DQN,2024,1.5,0.00075,0.08262363384557248,0.1124,-0.440693
Parameter-Matched Double DQN,2024,2.0,0.001,-0.09647049082563164,-0.1308,-0.533883
w/o Regime-in-Reward,42,0.0,0.0,-0.612129731146368,-0.609,-0.795485
w/o Regime-in-Reward,42,0.25,0.000125,-0.7114617083876775,-0.7081,-0.873723
w/o Regime-in-Reward,42,0.5,0.00025,-0.8107936856289871,-0.8072,-0.95629
w/o Regime-in-Reward,42,0.75,0.000375,-0.9101256628702967,-0.9063,-1.038858
w/o Regime-in-Reward,42,1.0,0.0005,-1.0094576401116062,-1.0053,-1.122979
w/o Regime-in-Reward,42,1.5,0.00075,-1.2081215945942252,-1.2028,-1.305669
w/o Regime-in-Reward,42,2.0,0.001,-1.4067855490768442,-1.3993,-1.488359
w/o Regime-in-Reward,123,0.0,0.0,0.12122091087679526,0.1255,-0.687142
w/o Regime-in-Reward,123,0.25,0.000125,0.030604476131259217,0.0317,-0.713451
w/o Regime-in-Reward,123,0.5,0.00025,-0.06001195861427694,-0.0621,-0.73976
w/o Regime-in-Reward,123,0.75,0.000375,-0.1506283933598127,-0.1559,-0.76607
w/o Regime-in-Reward,123,1.0,0.0005,-0.24124482810534897,-0.2496,-0.792379
w/o Regime-in-Reward,123,1.5,0.00075,-0.4224776975964213,-0.4367,-0.867923
w/o Regime-in-Reward,123,2.0,0.001,-0.6037105670874934,-0.6231,-0.977489
w/o Regime-in-Reward,2024,0.0,0.0,0.19578348060113054,0.2001,-0.416928
w/o Regime-in-Reward,2024,0.25,0.000125,0.11318124547226038,0.1156,-0.43823
w/o Regime-in-Reward,2024,0.5,0.00025,0.030579010343390278,0.0312,-0.459532
w/o Regime-in-Reward,2024,0.75,0.000375,-0.05202322478547988,-0.0531,-0.487843
w/o Regime-in-Reward,2024,1.0,0.0005,-0.13462545991435,-0.1373,-0.518411
w/o Regime-in-Reward,2024,1.5,0.00075,-0.29982993017209014,-0.3054,-0.614208
w/o Regime-in-Reward,2024,2.0,0.001,-0.4650344004298304,-0.4728,-0.739249
w/o Regime-in-State,42,0.0,0.0,0.12366622412053849,0.1299,-0.317911
w/o Regime-in-State,42,0.25,0.000125,0.013100722907966766,0.0138,-0.339383
w/o Regime-in-State,42,0.5,0.00025,-0.09746477830460475,-0.1022,-0.360854
w/o Regime-in-State,42,0.75,0.000375,-0.2080302795171765,-0.218,-0.382326
w/o Regime-in-State,42,1.0,0.0005,-0.31859578072974837,-0.3335,-0.429593
w/o Regime-in-State,42,1.5,0.00075,-0.5397267831548915,-0.5636,-0.599856
w/o Regime-in-State,42,2.0,0.001,-0.7608577855800349,-0.7921,-0.790646
w/o Regime-in-State,123,0.0,0.0,0.09025917929423968,0.0962,-0.395348
w/o Regime-in-State,123,0.25,0.000125,-0.010507662924821054,-0.0112,-0.429329
w/o Regime-in-State,123,0.5,0.00025,-0.11127450514388171,-0.1186,-0.463309
w/o Regime-in-State,123,0.75,0.000375,-0.21204134736294233,-0.2259,-0.49729
w/o Regime-in-State,123,1.0,0.0005,-0.31280818958200296,-0.333,-0.531271
w/o Regime-in-State,123,1.5,0.00075,-0.5143418740201242,-0.5468,-0.599232
w/o Regime-in-State,123,2.0,0.001,-0.7158755584582458,-0.7595,-0.730669
w/o Regime-in-State,2024,0.0,0.0,0.10581688161318273,0.1103,-0.645509
w/o Regime-in-State,2024,0.25,0.000125,-0.006903837190879336,-0.0072,-0.678964
w/o Regime-in-State,2024,0.5,0.00025,-0.11962455599494108,-0.1246,-0.712419
w/o Regime-in-State,2024,0.75,0.000375,-0.23234527479900308,-0.2419,-0.745874
w/o Regime-in-State,2024,1.0,0.0005,-0.3450659936030651,-0.3592,-0.779329
w/o Regime-in-State,2024,1.5,0.00075,-0.5705074312111889,-0.593,-0.846239
w/o Regime-in-State,2024,2.0,0.001,-0.795948868819313,-0.8257,-1.009035
